{
  "name": "@subsquid/cli",
  "entries": [
    {
      "version": "0.6.0",
      "tag": "@subsquid/cli_v0.6.0",
      "date": "Sat, 13 Aug 2022 13:18:27 GMT",
      "comments": {
        "minor": [
          {
            "comment": "deploy flow improvements"
          }
        ]
      }
    },
    {
      "version": "0.5.1",
      "tag": "@subsquid/cli_v0.5.1",
      "date": "Tue, 28 Jun 2022 18:37:46 GMT",
      "comments": {
        "patch": [
          {
            "comment": "meaningful error messages and command naming"
          }
        ]
      }
    },
    {
      "version": "0.5.0",
      "tag": "@subsquid/cli_v0.5.0",
      "date": "Mon, 27 Jun 2022 20:38:17 GMT",
      "comments": {
        "minor": [
          {
            "comment": "add `squid:logs` command"
          }
        ]
      }
    },
    {
      "version": "0.4.1",
      "tag": "@subsquid/cli_v0.4.1",
      "date": "Thu, 12 May 2022 15:07:10 GMT",
      "comments": {
        "dependency": [
          {
            "comment": "Updating dependency \"@subsquid/substrate-processor\" from `^0.7.2` to `^0.8.0`"
          }
        ]
      }
    },
    {
      "version": "0.4.0",
      "tag": "@subsquid/cli_v0.4.0",
      "date": "Thu, 05 May 2022 20:47:14 GMT",
      "comments": {
        "minor": [
          {
            "comment": "codegen: support JSON scalars in typeorm data models"
          }
        ],
        "patch": [
          {
            "comment": "codegen: map `Int` scalar to `int4` (instead of `integer`) for cockroach compatibility"
          }
        ],
        "dependency": [
          {
            "comment": "Updating dependency \"@subsquid/openreader\" from `^0.6.0` to `^0.7.0`"
          },
          {
            "comment": "Updating dependency \"@subsquid/substrate-processor\" from `^0.7.1` to `^0.7.2`"
          }
        ]
      }
    },
    {
      "version": "0.3.0",
      "tag": "@subsquid/cli_v0.3.0",
      "date": "Wed, 20 Apr 2022 22:55:27 GMT",
      "comments": {
        "minor": [
          {
            "comment": "introduce archive deployment commands"
          }
        ],
        "dependency": [
          {
            "comment": "Updating dependency \"@subsquid/openreader\" from `^0.5.1` to `^0.6.0`"
          },
          {
            "comment": "Updating dependency \"@subsquid/typeorm-config\" from `^0.0.4` to `^0.0.5`"
          },
          {
            "comment": "Updating dependency \"@subsquid/util\" from `^0.0.4` to `^0.0.5`"
          },
          {
            "comment": "Updating dependency \"@subsquid/substrate-processor\" from `^0.7.0` to `^0.7.1`"
          }
        ]
      }
    },
    {
      "version": "0.2.3",
      "tag": "@subsquid/cli_v0.2.3",
      "date": "Fri, 08 Apr 2022 10:44:56 GMT",
      "comments": {
        "patch": [
          {
            "comment": "don't use deprecated cli-ux package"
          }
        ]
      }
    },
    {
      "version": "0.2.2",
      "tag": "@subsquid/cli_v0.2.2",
      "date": "Fri, 08 Apr 2022 10:15:29 GMT",
      "comments": {
        "dependency": [
          {
            "comment": "Updating dependency \"@subsquid/substrate-processor\" from `^0.6.1` to `^0.7.0`"
          }
        ]
      }
    },
    {
      "version": "0.2.1",
      "tag": "@subsquid/cli_v0.2.1",
      "date": "Sun, 27 Mar 2022 11:00:39 GMT",
      "comments": {
        "patch": [
          {
            "comment": "fix code generation for self referencing models"
          }
        ],
        "dependency": [
          {
            "comment": "Updating dependency \"@subsquid/openreader\" from `^0.5.0` to `^0.5.1`"
          }
        ]
      }
    },
    {
      "version": "0.2.0",
      "tag": "@subsquid/cli_v0.2.0",
      "date": "Mon, 14 Mar 2022 18:47:21 GMT",
      "comments": {
        "minor": [
          {
            "comment": "dot config format improvements"
          }
        ],
        "dependency": [
          {
            "comment": "Updating dependency \"@subsquid/substrate-processor\" from `^0.5.0` to `^0.6.0`"
          }
        ]
      }
    },
    {
      "version": "0.1.5",
      "tag": "@subsquid/cli_v0.1.5",
      "date": "Fri, 11 Mar 2022 07:38:31 GMT",
      "comments": {
        "dependency": [
          {
            "comment": "Updating dependency \"@subsquid/substrate-processor\" from `^0.4.1` to `^0.5.0`"
          }
        ]
      }
    },
    {
      "version": "0.1.4",
      "tag": "@subsquid/cli_v0.1.4",
      "date": "Wed, 02 Mar 2022 18:11:28 GMT",
      "comments": {
        "patch": [
          {
            "comment": "improve cli messages"
          }
        ],
        "dependency": [
          {
            "comment": "Updating dependency \"@subsquid/substrate-processor\" from `^0.3.0` to `^0.4.0`"
          }
        ]
      }
    },
    {
      "version": "0.1.3",
      "tag": "@subsquid/cli_v0.1.3",
      "date": "Wed, 23 Feb 2022 11:18:26 GMT",
      "comments": {
        "dependency": [
          {
            "comment": "Updating dependency \"@subsquid/openreader\" from `^0.4.1` to `^0.5.0`"
          }
        ]
      }
    },
    {
      "version": "0.1.2",
      "tag": "@subsquid/cli_v0.1.2",
      "date": "Mon, 07 Feb 2022 15:16:41 GMT",
      "comments": {
        "dependency": [
          {
            "comment": "Updating dependency \"@subsquid/substrate-processor\" from `^0.2.6` to `^0.3.0`"
          }
        ]
      }
    },
    {
      "version": "0.1.1",
      "tag": "@subsquid/cli_v0.1.1",
      "date": "Wed, 02 Feb 2022 11:01:32 GMT",
      "comments": {
        "patch": [
          {
            "comment": "upgrade dependencies"
          }
        ],
        "dependency": [
          {
            "comment": "Updating dependency \"@subsquid/openreader\" from `^0.4.0` to `^0.4.1`"
          },
          {
            "comment": "Updating dependency \"@subsquid/typeorm-config\" from `^0.0.3` to `^0.0.4`"
          },
          {
            "comment": "Updating dependency \"@subsquid/util\" from `^0.0.3` to `^0.0.4`"
          },
          {
            "comment": "Updating dependency \"@subsquid/substrate-processor\" from `^0.2.5` to `^0.2.6`"
          }
        ]
      }
    },
    {
      "version": "0.1.0",
      "tag": "@subsquid/cli_v0.1.0",
      "date": "Tue, 25 Jan 2022 12:44:12 GMT",
      "comments": {
        "minor": [
          {
            "comment": "codegen: add support for `@index` directives"
          }
        ],
        "dependency": [
          {
            "comment": "Updating dependency \"@subsquid/openreader\" from `^0.3.3` to `^0.4.0`"
          },
          {
            "comment": "Updating dependency \"@subsquid/substrate-processor\" from `^0.2.3` to `^0.2.4`"
          }
        ]
      }
    },
    {
      "version": "0.0.6",
      "tag": "@subsquid/cli_v0.0.6",
      "date": "Thu, 20 Jan 2022 08:42:53 GMT",
      "comments": {
        "patch": [
          {
            "comment": "include src files into npm package"
          }
        ],
        "dependency": [
          {
            "comment": "Updating dependency \"@subsquid/openreader\" from `^0.3.2` to `^0.3.3`"
          },
          {
            "comment": "Updating dependency \"@subsquid/typeorm-config\" from `^0.0.2` to `^0.0.3`"
          },
          {
            "comment": "Updating dependency \"@subsquid/util\" from `^0.0.2` to `^0.0.3`"
          },
          {
            "comment": "Updating dependency \"@subsquid/substrate-processor\" from `^0.2.2` to `^0.2.3`"
          }
        ]
      }
    },
    {
      "version": "0.0.5",
      "tag": "@subsquid/cli_v0.0.5",
      "date": "Tue, 18 Jan 2022 09:31:27 GMT",
      "comments": {
        "patch": [
          {
            "comment": "change license to GPL3"
          }
        ],
        "dependency": [
          {
            "comment": "Updating dependency \"@subsquid/openreader\" from `^0.3.1` to `^0.3.2`"
          },
          {
            "comment": "Updating dependency \"@subsquid/typeorm-config\" from `^0.0.1` to `^0.0.2`"
          },
          {
            "comment": "Updating dependency \"@subsquid/util\" from `^0.0.1` to `^0.0.2`"
          },
          {
            "comment": "Updating dependency \"@subsquid/substrate-processor\" from `^0.2.1` to `^0.2.2`"
          }
        ]
      }
    },
    {
      "version": "0.0.4",
      "tag": "@subsquid/cli_v0.0.4",
      "date": "Thu, 13 Jan 2022 16:05:36 GMT",
      "comments": {
        "patch": [
          {
            "comment": "codegen: fix model generation for entities with Float fields"
          }
        ],
        "dependency": [
          {
            "comment": "Updating dependency \"@subsquid/substrate-processor\" from `^0.1.1` to `^0.2.0`"
          }
        ]
      }
    },
    {
      "version": "0.0.3",
      "tag": "@subsquid/cli_v0.0.3",
      "date": "Sat, 08 Jan 2022 13:00:12 GMT",
      "comments": {
        "dependency": [
          {
            "comment": "Updating dependency \"@subsquid/substrate-processor\" from `^0.0.1` to `^0.1.0`"
          }
        ]
      }
    },
    {
      "version": "0.0.2",
      "tag": "@subsquid/cli_v0.0.2",
      "date": "Mon, 03 Jan 2022 16:07:32 GMT",
      "comments": {
        "patch": [
          {
            "comment": "set `publishConfig.access` to `public`"
          }
        ],
        "dependency": [
          {
            "comment": "Updating dependency \"@subsquid/openreader\" from `^0.3.0` to `^0.3.1`"
          },
          {
            "comment": "Updating dependency \"@subsquid/typeorm-config\" from `^0.0.0` to `^0.0.1`"
          },
          {
            "comment": "Updating dependency \"@subsquid/util\" from `^0.0.0` to `^0.0.1`"
          },
          {
            "comment": "Updating dependency \"@subsquid/substrate-processor\" from `^0.0.0` to `^0.0.1`"
          }
        ]
      }
    },
    {
      "version": "0.0.1",
      "tag": "@subsquid/cli_v0.0.1",
      "date": "Mon, 03 Jan 2022 12:24:26 GMT",
      "comments": {
        "dependency": [
          {
            "comment": "Updating dependency \"@subsquid/openreader\" from `^0.2.1` to `^0.3.0`"
          }
        ]
      }
    }
  ]
}
